person,filename,prompt_index,category,prompt,seed,identity_cosine_distance,face_size_px,passed,timestamp
me,me_0000.jpg,0,baseline,"a photorealistic portrait photo of a person, natural expression, sharp focus, high detail skin texture, current age",10000,0.4322,236.5,True,2026-08-23T19:22:42.637022
me,me_0001.jpg,1,aging,"a photorealistic portrait photo of a person, subtly younger appearance, natural, sharp focus",10002,1.0,0.0,False,2026-08-23T19:22:49.258692
me,me_0001.jpg,2,aging,"a photorealistic portrait photo of a person, subtly older appearance, natural skin aging, sharp focus",10003,1.0,0.0,False,2026-08-23T19:22:54.558120
me,me_0001.jpg,3,lighting,"a photorealistic portrait photo of a person, bright soft indoor lighting, sharp focus",10004,0.4419,247.1000061035156,True,2026-08-23T19:23:00.128626
me,me_0002.jpg,4,lighting,"a photorealistic portrait photo of a person, dim moody indoor lighting, sharp focus",10006,0.4248,221.0,True,2026-08-23T19:23:05.811697
me,me_0003.jpg,5,lighting,"a photorealistic portrait photo of a person, natural outdoor daylight, sharp focus",10008,1.0,0.0,False,2026-08-23T19:23:11.436950
me,me_0003.jpg,6,lighting,"a photorealistic portrait photo of a person, warm golden hour sunlight, sharp focus",10009,0.4886,238.3999938964844,True,2026-08-23T19:23:16.828360
me,me_0004.jpg,7,lighting,"a photorealistic portrait photo of a person, cool blue-toned lighting, sharp focus",10011,0.405,229.3999938964844,True,2026-08-23T19:23:21.879347
teammate,teammate_0000.jpg,0,baseline,"a photorealistic portrait photo of a person, natural expression, sharp focus, high detail skin texture, current age",10000,0.3014,206.1999969482422,True,2026-08-23T19:23:27.108703
teammate,teammate_0001.jpg,1,aging,"a photorealistic portrait photo of a person, subtly younger appearance, natural, sharp focus",10002,1.0,0.0,False,2026-08-23T19:23:32.097132
teammate,teammate_0001.jpg,2,aging,"a photorealistic portrait photo of a person, subtly older appearance, natural skin aging, sharp focus",10003,0.6433,272.1000061035156,False,2026-08-23T19:23:37.418269
teammate,teammate_0001.jpg,3,lighting,"a photorealistic portrait photo of a person, bright soft indoor lighting, sharp focus",10004,0.2553,236.8999938964844,True,2026-08-23T19:23:42.592244
teammate,teammate_0002.jpg,4,lighting,"a photorealistic portrait photo of a person, dim moody indoor lighting, sharp focus",10006,0.2438,200.1999969482422,True,2026-08-23T19:23:47.852059
teammate,teammate_0003.jpg,5,lighting,"a photorealistic portrait photo of a person, natural outdoor daylight, sharp focus",10008,0.3417,276.3999938964844,True,2026-08-23T19:23:52.801480
teammate,teammate_0004.jpg,6,lighting,"a photorealistic portrait photo of a person, warm golden hour sunlight, sharp focus",10010,0.4615,235.5,True,2026-08-23T19:23:58.369981
professor,professor_0000.jpg,0,baseline,"a photorealistic portrait photo of a person, natural expression, sharp focus, high detail skin texture, current age",10000,0.3187,212.8999938964844,True,2026-08-23T19:24:03.804315
professor,professor_0001.jpg,1,aging,"a photorealistic portrait photo of a person, subtly younger appearance, natural, sharp focus",10002,0.4632,260.1000061035156,True,2026-08-23T19:24:08.886059
professor,professor_0002.jpg,2,aging,"a photorealistic portrait photo of a person, subtly older appearance, natural skin aging, sharp focus",10004,1.0,0.0,False,2026-08-23T19:24:13.778237
professor,professor_0002.jpg,3,lighting,"a photorealistic portrait photo of a person, bright soft indoor lighting, sharp focus",10005,0.4981,232.0,True,2026-08-23T19:24:19.030144
professor,professor_0003.jpg,4,lighting,"a photorealistic portrait photo of a person, dim moody indoor lighting, sharp focus",10007,0.2721,241.5,True,2026-08-23T19:24:24.233821
professor,professor_0004.jpg,5,lighting,"a photorealistic portrait photo of a person, natural outdoor daylight, sharp focus",10009,0.4841,235.5,True,2026-08-23T19:24:29.624579
me,me_0006.jpg,0,frontal,"photorealistic ID photo of the same person, front-facing straight-on head and shoulders portrait, looking directly at the camera, neutral expression, natural facial proportions, natural skin texture, even studio lighting, plain white background, single person, centered face",10006,0.3782,269.8999938964844,True,2026-08-23T19:44:37.053817
me,me_0007.jpg,1,frontal_lighting,"photorealistic passport-style photograph of the same person, front-facing, looking directly at camera, neutral expression, head and shoulders, centered composition, natural skin texture, realistic facial proportions, soft even lighting, plain white background, single person",10008,0.3769,253.1999969482422,True,2026-08-23T19:44:44.773565
me,me_0008.jpg,2,slight_variation,"realistic photograph of the same person, clear frontal face, looking directly at the camera, neutral expression, head and shoulders, natural skin texture, realistic facial structure, soft studio lighting, clean white background, single person, centered portrait",10010,0.4014,264.70001220703125,False,2026-08-23T19:44:51.628222
me,me_0008.jpg,0,frontal,"photorealistic ID photo of the same person, front-facing straight-on head and shoulders portrait, looking directly at the camera, neutral expression, natural facial proportions, natural skin texture, even studio lighting, plain white background, single person, centered face",10011,0.3818,222.1999969482422,True,2026-08-23T19:44:58.032757
me,me_0009.jpg,1,frontal_lighting,"photorealistic passport-style photograph of the same person, front-facing, looking directly at camera, neutral expression, head and shoulders, centered composition, natural skin texture, realistic facial proportions, soft even lighting, plain white background, single person",10013,0.373,183.0,True,2026-08-23T19:45:04.819500
me,me_0010.jpg,2,slight_variation,"realistic photograph of the same person, clear frontal face, looking directly at the camera, neutral expression, head and shoulders, natural skin texture, realistic facial structure, soft studio lighting, clean white background, single person, centered portrait",10015,0.3788,269.0,True,2026-08-23T19:45:11.039228
teammate,teammate_0005.jpg,0,frontal,"photorealistic ID photo of the same person, front-facing straight-on head and shoulders portrait, looking directly at the camera, neutral expression, natural facial proportions, natural skin texture, even studio lighting, plain white background, single person, centered face",10005,0.2786,246.5,True,2026-08-23T19:45:17.416151
teammate,teammate_0006.jpg,1,frontal_lighting,"photorealistic passport-style photograph of the same person, front-facing, looking directly at camera, neutral expression, head and shoulders, centered composition, natural skin texture, realistic facial proportions, soft even lighting, plain white background, single person",10007,1.0,0.0,False,2026-08-23T19:45:23.946784
teammate,teammate_0006.jpg,2,slight_variation,"realistic photograph of the same person, clear frontal face, looking directly at the camera, neutral expression, head and shoulders, natural skin texture, realistic facial structure, soft studio lighting, clean white background, single person, centered portrait",10008,0.2982,251.8000030517578,True,2026-08-23T19:45:30.457725
teammate,teammate_0007.jpg,0,frontal,"photorealistic ID photo of the same person, front-facing straight-on head and shoulders portrait, looking directly at the camera, neutral expression, natural facial proportions, natural skin texture, even studio lighting, plain white background, single person, centered face",10010,0.3049,259.8999938964844,True,2026-08-23T19:45:36.880435
teammate,teammate_0008.jpg,1,frontal_lighting,"photorealistic passport-style photograph of the same person, front-facing, looking directly at camera, neutral expression, head and shoulders, centered composition, natural skin texture, realistic facial proportions, soft even lighting, plain white background, single person",10012,0.2778,191.8000030517578,True,2026-08-23T19:45:43.911689
teammate,teammate_0009.jpg,2,slight_variation,"realistic photograph of the same person, clear frontal face, looking directly at the camera, neutral expression, head and shoulders, natural skin texture, realistic facial structure, soft studio lighting, clean white background, single person, centered portrait",10014,0.2481,193.1000061035156,True,2026-08-23T19:45:50.561690
professor,professor_0005.jpg,0,frontal,"photorealistic ID photo of the same person, front-facing straight-on head and shoulders portrait, looking directly at the camera, neutral expression, natural facial proportions, natural skin texture, even studio lighting, plain white background, single person, centered face",10005,0.5053,249.8999938964844,False,2026-08-23T19:45:57.159916
professor,professor_0005.jpg,1,frontal_lighting,"photorealistic passport-style photograph of the same person, front-facing, looking directly at camera, neutral expression, head and shoulders, centered composition, natural skin texture, realistic facial proportions, soft even lighting, plain white background, single person",10006,0.467,261.1000061035156,False,2026-08-23T19:46:04.038160
professor,professor_0005.jpg,2,slight_variation,"realistic photograph of the same person, clear frontal face, looking directly at the camera, neutral expression, head and shoulders, natural skin texture, realistic facial structure, soft studio lighting, clean white background, single person, centered portrait",10007,1.0,0.0,False,2026-08-23T19:46:10.703465
professor,professor_0005.jpg,0,frontal,"photorealistic ID photo of the same person, front-facing straight-on head and shoulders portrait, looking directly at the camera, neutral expression, natural facial proportions, natural skin texture, even studio lighting, plain white background, single person, centered face",10008,0.4749,253.8999938964844,False,2026-08-23T19:46:17.668920
professor,professor_0005.jpg,1,frontal_lighting,"photorealistic passport-style photograph of the same person, front-facing, looking directly at camera, neutral expression, head and shoulders, centered composition, natural skin texture, realistic facial proportions, soft even lighting, plain white background, single person",10009,0.4564,254.8999938964844,False,2026-08-23T19:46:24.320888
professor,professor_0005.jpg,2,slight_variation,"realistic photograph of the same person, clear frontal face, looking directly at the camera, neutral expression, head and shoulders, natural skin texture, realistic facial structure, soft studio lighting, clean white background, single person, centered portrait",10010,1.0,0.0,False,2026-08-23T19:46:30.704900
professor,professor_0005.jpg,0,frontal,"photorealistic ID photo of the same person, front-facing straight-on head and shoulders portrait, looking directly at the camera, neutral expression, natural facial proportions, natural skin texture, even studio lighting, plain white background, single person, centered face",10011,0.4713,258.70001220703125,False,2026-08-23T19:46:37.639187
professor,professor_0005.jpg,1,frontal_lighting,"photorealistic passport-style photograph of the same person, front-facing, looking directly at camera, neutral expression, head and shoulders, centered composition, natural skin texture, realistic facial proportions, soft even lighting, plain white background, single person",10012,0.2653,210.5,True,2026-08-23T19:46:45.281742
professor,professor_0006.jpg,2,slight_variation,"realistic photograph of the same person, clear frontal face, looking directly at the camera, neutral expression, head and shoulders, natural skin texture, realistic facial structure, soft studio lighting, clean white background, single person, centered portrait",10014,0.3886,236.8000030517578,True,2026-08-23T19:46:52.417300
professor,professor_0007.jpg,0,frontal,"photorealistic ID photo of the same person, front-facing straight-on head and shoulders portrait, looking directly at the camera, neutral expression, natural facial proportions, natural skin texture, even studio lighting, plain white background, single person, centered face",10016,0.4623,260.79998779296875,False,2026-08-23T19:47:00.022456
professor,professor_0007.jpg,1,frontal_lighting,"photorealistic passport-style photograph of the same person, front-facing, looking directly at camera, neutral expression, head and shoulders, centered composition, natural skin texture, realistic facial proportions, soft even lighting, plain white background, single person",10017,0.3423,215.1999969482422,True,2026-08-23T19:47:07.944904
professor,professor_0008.jpg,2,slight_variation,"realistic photograph of the same person, clear frontal face, looking directly at the camera, neutral expression, head and shoulders, natural skin texture, realistic facial structure, soft studio lighting, clean white background, single person, centered portrait",10019,0.4978,264.1000061035156,False,2026-08-23T19:47:15.947228
professor,professor_0008.jpg,0,frontal,"photorealistic ID photo of the same person, front-facing straight-on head and shoulders portrait, looking directly at the camera, neutral expression, natural facial proportions, natural skin texture, even studio lighting, plain white background, single person, centered face",10020,0.4663,255.3000030517578,False,2026-08-23T19:47:22.901940
professor,professor_0008.jpg,1,frontal_lighting,"photorealistic passport-style photograph of the same person, front-facing, looking directly at camera, neutral expression, head and shoulders, centered composition, natural skin texture, realistic facial proportions, soft even lighting, plain white background, single person",10021,0.4509,249.8999938964844,False,2026-08-23T19:47:29.727350
professor,professor_0008.jpg,2,slight_variation,"realistic photograph of the same person, clear frontal face, looking directly at the camera, neutral expression, head and shoulders, natural skin texture, realistic facial structure, soft studio lighting, clean white background, single person, centered portrait",10022,1.0,0.0,False,2026-08-23T19:47:36.644968
professor,professor_0008.jpg,0,frontal,"photorealistic ID photo of the same person, front-facing straight-on head and shoulders portrait, looking directly at the camera, neutral expression, natural facial proportions, natural skin texture, even studio lighting, plain white background, single person, centered face",10023,0.3511,242.8999938964844,True,2026-08-23T19:47:44.140661
professor,professor_0009.jpg,1,frontal_lighting,"photorealistic passport-style photograph of the same person, front-facing, looking directly at camera, neutral expression, head and shoulders, centered composition, natural skin texture, realistic facial proportions, soft even lighting, plain white background, single person",10025,0.5379,266.5,False,2026-08-23T19:47:51.803836
professor,professor_0009.jpg,2,slight_variation,"realistic photograph of the same person, clear frontal face, looking directly at the camera, neutral expression, head and shoulders, natural skin texture, realistic facial structure, soft studio lighting, clean white background, single person, centered portrait",10026,0.4629,250.8999938964844,False,2026-08-23T19:47:58.633086
professor,professor_0009.jpg,0,frontal,"photorealistic ID photo of the same person, front-facing straight-on head and shoulders portrait, looking directly at the camera, neutral expression, natural facial proportions, natural skin texture, even studio lighting, plain white background, single person, centered face",10027,0.547,269.1000061035156,False,2026-08-23T19:48:06.649176
professor,professor_0009.jpg,1,frontal_lighting,"photorealistic passport-style photograph of the same person, front-facing, looking directly at camera, neutral expression, head and shoulders, centered composition, natural skin texture, realistic facial proportions, soft even lighting, plain white background, single person",10028,1.0,0.0,False,2026-08-23T19:48:14.127083
me,me_0000.jpg,0,id_front,"photorealistic identity verification photograph of the same person, front-facing straight-on face, looking directly into the camera, neutral expression, natural facial proportions, realistic skin texture, head and shoulders, centered composition, even soft lighting, plain white background, single person",10000,0.4061,209.5,False,2026-08-23T19:56:51.317323
me,me_0000.jpg,1,id_studio,"photorealistic passport-style photograph of the same person, straight frontal view, looking directly at camera, neutral expression, natural skin tone, realistic facial proportions, head and shoulders, soft even illumination, plain white background, single person, centered",10001,0.4199,272.20001220703125,False,2026-08-23T19:57:00.250532
me,me_0000.jpg,2,id_clean,"realistic photograph of the same person, clear frontal face, direct eye contact with camera, neutral expression, natural skin and hair, realistic facial proportions, head and shoulders, plain white background, single person, centered",10002,1.0,0.0,False,2026-08-23T19:57:07.159007
me,me_0000.jpg,0,id_front,"photorealistic identity verification photograph of the same person, front-facing straight-on face, looking directly into the camera, neutral expression, natural facial proportions, realistic skin texture, head and shoulders, centered composition, even soft lighting, plain white background, single person",10003,1.0,0.0,False,2026-08-23T19:57:13.649549
me,me_0000.jpg,1,id_studio,"photorealistic passport-style photograph of the same person, straight frontal view, looking directly at camera, neutral expression, natural skin tone, realistic facial proportions, head and shoulders, soft even illumination, plain white background, single person, centered",10004,0.4095,261.20001220703125,False,2026-08-23T19:57:20.511171
me,me_0000.jpg,2,id_clean,"realistic photograph of the same person, clear frontal face, direct eye contact with camera, neutral expression, natural skin and hair, realistic facial proportions, head and shoulders, plain white background, single person, centered",10005,0.4089,257.8999938964844,False,2026-08-23T19:57:27.526127
me,me_0000.jpg,0,id_front,"photorealistic identity verification photograph of the same person, front-facing straight-on face, looking directly into the camera, neutral expression, natural facial proportions, realistic skin texture, head and shoulders, centered composition, even soft lighting, plain white background, single person",10006,1.0,0.0,False,2026-08-23T19:57:34.403455
me,me_0000.jpg,1,id_studio,"photorealistic passport-style photograph of the same person, straight frontal view, looking directly at camera, neutral expression, natural skin tone, realistic facial proportions, head and shoulders, soft even illumination, plain white background, single person, centered",10007,1.0,0.0,False,2026-08-23T19:57:40.967463
me,me_0000.jpg,2,id_clean,"realistic photograph of the same person, clear frontal face, direct eye contact with camera, neutral expression, natural skin and hair, realistic facial proportions, head and shoulders, plain white background, single person, centered",10008,0.3927,263.0,False,2026-08-23T19:57:49.821758
me,me_0000.jpg,0,id_front,"photorealistic identity verification photograph of the same person, front-facing straight-on face, looking directly into the camera, neutral expression, natural facial proportions, realistic skin texture, head and shoulders, centered composition, even soft lighting, plain white background, single person",10009,0.3992,251.0,False,2026-08-23T19:57:57.559579
me,me_0000.jpg,1,id_studio,"photorealistic passport-style photograph of the same person, straight frontal view, looking directly at camera, neutral expression, natural skin tone, realistic facial proportions, head and shoulders, soft even illumination, plain white background, single person, centered",10010,0.3974,260.20001220703125,False,2026-08-23T19:58:04.341176
me,me_0000.jpg,2,id_clean,"realistic photograph of the same person, clear frontal face, direct eye contact with camera, neutral expression, natural skin and hair, realistic facial proportions, head and shoulders, plain white background, single person, centered",10011,0.431,236.8000030517578,False,2026-08-23T19:58:11.139489
me,me_0000.jpg,0,id_front,"photorealistic identity verification photograph of the same person, front-facing straight-on face, looking directly into the camera, neutral expression, natural facial proportions, realistic skin texture, head and shoulders, centered composition, even soft lighting, plain white background, single person",10012,0.3938,276.6000061035156,False,2026-08-23T19:58:18.194483
me,me_0000.jpg,1,id_studio,"photorealistic passport-style photograph of the same person, straight frontal view, looking directly at camera, neutral expression, natural skin tone, realistic facial proportions, head and shoulders, soft even illumination, plain white background, single person, centered",10013,0.3663,173.60000610351562,False,2026-08-23T19:58:25.375045
me,me_0000.jpg,2,id_clean,"realistic photograph of the same person, clear frontal face, direct eye contact with camera, neutral expression, natural skin and hair, realistic facial proportions, head and shoulders, plain white background, single person, centered",10014,0.3822,220.1000061035156,False,2026-08-23T19:58:32.518731
me,me_0000.jpg,0,id_front,"photorealistic identity verification photograph of the same person, front-facing straight-on face, looking directly into the camera, neutral expression, natural facial proportions, realistic skin texture, head and shoulders, centered composition, even soft lighting, plain white background, single person",10015,0.3847,250.0,False,2026-08-23T19:58:39.784233
me,me_0000.jpg,1,id_studio,"photorealistic passport-style photograph of the same person, straight frontal view, looking directly at camera, neutral expression, natural skin tone, realistic facial proportions, head and shoulders, soft even illumination, plain white background, single person, centered",10016,0.3837,203.8999938964844,False,2026-08-23T19:58:46.594899
me,me_0000.jpg,2,id_clean,"realistic photograph of the same person, clear frontal face, direct eye contact with camera, neutral expression, natural skin and hair, realistic facial proportions, head and shoulders, plain white background, single person, centered",10017,1.0,0.0,False,2026-08-23T19:58:53.430189
me,me_0000.jpg,0,id_front,"photorealistic identity verification photograph of the same person, front-facing straight-on face, looking directly into the camera, neutral expression, natural facial proportions, realistic skin texture, head and shoulders, centered composition, even soft lighting, plain white background, single person",10018,1.0,0.0,False,2026-08-23T19:59:00.380078
me,me_0000.jpg,1,id_studio,"photorealistic passport-style photograph of the same person, straight frontal view, looking directly at camera, neutral expression, natural skin tone, realistic facial proportions, head and shoulders, soft even illumination, plain white background, single person, centered",10019,0.3806,241.1000061035156,False,2026-08-23T19:59:07.192736
teammate,teammate_0000.jpg,0,id_front,"photorealistic identity verification photograph of the same person, front-facing straight-on face, looking directly into the camera, neutral expression, natural facial proportions, realistic skin texture, head and shoulders, centered composition, even soft lighting, plain white background, single person",10000,0.2523,216.8000030517578,True,2026-08-23T19:59:14.290156
teammate,teammate_0001.jpg,1,id_studio,"photorealistic passport-style photograph of the same person, straight frontal view, looking directly at camera, neutral expression, natural skin tone, realistic facial proportions, head and shoulders, soft even illumination, plain white background, single person, centered",10002,0.2808,225.0,True,2026-08-23T19:59:21.397268
teammate,teammate_0002.jpg,2,id_clean,"realistic photograph of the same person, clear frontal face, direct eye contact with camera, neutral expression, natural skin and hair, realistic facial proportions, head and shoulders, plain white background, single person, centered",10004,0.3737,259.20001220703125,False,2026-08-23T19:59:28.427399
teammate,teammate_0002.jpg,0,id_front,"photorealistic identity verification photograph of the same person, front-facing straight-on face, looking directly into the camera, neutral expression, natural facial proportions, realistic skin texture, head and shoulders, centered composition, even soft lighting, plain white background, single person",10005,0.3246,262.29998779296875,True,2026-08-23T19:59:35.201851
teammate,teammate_0003.jpg,1,id_studio,"photorealistic passport-style photograph of the same person, straight frontal view, looking directly at camera, neutral expression, natural skin tone, realistic facial proportions, head and shoulders, soft even illumination, plain white background, single person, centered",10007,0.3382,267.3999938964844,True,2026-08-23T19:59:42.592884
teammate,teammate_0004.jpg,2,id_clean,"realistic photograph of the same person, clear frontal face, direct eye contact with camera, neutral expression, natural skin and hair, realistic facial proportions, head and shoulders, plain white background, single person, centered",10009,0.3161,241.1999969482422,True,2026-08-23T19:59:48.971229
professor,professor_0000.jpg,0,id_front,"photorealistic identity verification photograph of the same person, front-facing straight-on face, looking directly into the camera, neutral expression, natural facial proportions, realistic skin texture, head and shoulders, centered composition, even soft lighting, plain white background, single person",10000,0.2913,207.3000030517578,True,2026-08-23T19:59:55.513886
professor,professor_0001.jpg,1,id_studio,"photorealistic passport-style photograph of the same person, straight frontal view, looking directly at camera, neutral expression, natural skin tone, realistic facial proportions, head and shoulders, soft even illumination, plain white background, single person, centered",10002,0.2543,208.6999969482422,True,2026-08-23T20:00:01.703975
professor,professor_0002.jpg,2,id_clean,"realistic photograph of the same person, clear frontal face, direct eye contact with camera, neutral expression, natural skin and hair, realistic facial proportions, head and shoulders, plain white background, single person, centered",10004,0.2701,256.20001220703125,True,2026-08-23T20:00:08.364016
professor,professor_0003.jpg,0,id_front,"photorealistic identity verification photograph of the same person, front-facing straight-on face, looking directly into the camera, neutral expression, natural facial proportions, realistic skin texture, head and shoulders, centered composition, even soft lighting, plain white background, single person",10006,0.3041,261.5,True,2026-08-23T20:00:14.958708
professor,professor_0004.jpg,1,id_studio,"photorealistic passport-style photograph of the same person, straight frontal view, looking directly at camera, neutral expression, natural skin tone, realistic facial proportions, head and shoulders, soft even illumination, plain white background, single person, centered",10008,0.3209,251.5,True,2026-08-23T20:00:21.340559
me,me_0000.jpg,0,id_front,"photorealistic identity verification photograph of the same person, front-facing straight-on face, looking directly into the camera, neutral expression, natural facial proportions, realistic skin texture, head and shoulders, centered composition, even soft lighting, plain white background, single person",10000,0.4061,209.5,False,2026-08-23T20:01:24.640708
me,me_0000.jpg,1,id_studio,"photorealistic passport-style photograph of the same person, straight frontal view, looking directly at camera, neutral expression, natural skin tone, realistic facial proportions, head and shoulders, soft even illumination, plain white background, single person, centered",10001,0.4199,272.20001220703125,False,2026-08-23T20:01:31.539173
me,me_0000.jpg,2,id_clean,"realistic photograph of the same person, clear frontal face, direct eye contact with camera, neutral expression, natural skin and hair, realistic facial proportions, head and shoulders, plain white background, single person, centered",10002,1.0,0.0,False,2026-08-23T20:01:37.887036
me,me_0000.jpg,0,id_front,"photorealistic identity verification photograph of the same person, front-facing straight-on face, looking directly into the camera, neutral expression, natural facial proportions, realistic skin texture, head and shoulders, centered composition, even soft lighting, plain white background, single person",10003,1.0,0.0,False,2026-08-23T20:01:44.402656
me,me_0000.jpg,1,id_studio,"photorealistic passport-style photograph of the same person, straight frontal view, looking directly at camera, neutral expression, natural skin tone, realistic facial proportions, head and shoulders, soft even illumination, plain white background, single person, centered",10004,0.4095,261.20001220703125,False,2026-08-23T20:01:51.523283
me,me_0000.jpg,2,id_clean,"realistic photograph of the same person, clear frontal face, direct eye contact with camera, neutral expression, natural skin and hair, realistic facial proportions, head and shoulders, plain white background, single person, centered",10005,0.4089,257.8999938964844,False,2026-08-23T20:01:58.965205
me,me_0000.jpg,0,id_front,"photorealistic identity verification photograph of the same person, front-facing straight-on face, looking directly into the camera, neutral expression, natural facial proportions, realistic skin texture, head and shoulders, centered composition, even soft lighting, plain white background, single person",10006,1.0,0.0,False,2026-08-23T20:02:05.762562
me,me_0000.jpg,1,id_studio,"photorealistic passport-style photograph of the same person, straight frontal view, looking directly at camera, neutral expression, natural skin tone, realistic facial proportions, head and shoulders, soft even illumination, plain white background, single person, centered",10007,1.0,0.0,False,2026-08-23T20:02:12.408512
me,me_0000.jpg,2,id_clean,"realistic photograph of the same person, clear frontal face, direct eye contact with camera, neutral expression, natural skin and hair, realistic facial proportions, head and shoulders, plain white background, single person, centered",10008,0.3927,263.0,True,2026-08-23T20:02:20.007009
me,me_0001.jpg,0,id_front,"photorealistic identity verification photograph of the same person, front-facing straight-on face, looking directly into the camera, neutral expression, natural facial proportions, realistic skin texture, head and shoulders, centered composition, even soft lighting, plain white background, single person",10010,0.4319,268.1000061035156,False,2026-08-23T20:02:27.493292
me,me_0001.jpg,1,id_studio,"photorealistic passport-style photograph of the same person, straight frontal view, looking directly at camera, neutral expression, natural skin tone, realistic facial proportions, head and shoulders, soft even illumination, plain white background, single person, centered",10011,0.3927,212.6000061035156,True,2026-08-23T20:02:34.238017
me,me_0002.jpg,2,id_clean,"realistic photograph of the same person, clear frontal face, direct eye contact with camera, neutral expression, natural skin and hair, realistic facial proportions, head and shoulders, plain white background, single person, centered",10013,0.3828,263.3999938964844,True,2026-08-23T20:02:40.325850
me,me_0003.jpg,0,id_front,"photorealistic identity verification photograph of the same person, front-facing straight-on face, looking directly into the camera, neutral expression, natural facial proportions, realistic skin texture, head and shoulders, centered composition, even soft lighting, plain white background, single person",10015,0.3847,250.0,True,2026-08-23T20:02:46.930502
me,me_0004.jpg,1,id_studio,"photorealistic passport-style photograph of the same person, straight frontal view, looking directly at camera, neutral expression, natural skin tone, realistic facial proportions, head and shoulders, soft even illumination, plain white background, single person, centered",10017,0.387,207.8999938964844,True,2026-08-23T20:02:53.396533
teammate,teammate_0005.jpg,0,id_front,"photorealistic identity verification photograph of the same person, front-facing straight-on face, looking directly into the camera, neutral expression, natural facial proportions, realistic skin texture, head and shoulders, centered composition, even soft lighting, plain white background, single person",10005,0.3246,262.29998779296875,True,2026-08-23T20:02:59.837368
teammate,teammate_0006.jpg,1,id_studio,"photorealistic passport-style photograph of the same person, straight frontal view, looking directly at camera, neutral expression, natural skin tone, realistic facial proportions, head and shoulders, soft even illumination, plain white background, single person, centered",10007,0.3382,267.3999938964844,True,2026-08-23T20:03:06.195622
teammate,teammate_0007.jpg,2,id_clean,"realistic photograph of the same person, clear frontal face, direct eye contact with camera, neutral expression, natural skin and hair, realistic facial proportions, head and shoulders, plain white background, single person, centered",10009,0.3161,241.1999969482422,True,2026-08-23T20:03:12.616380
teammate,teammate_0008.jpg,0,id_front,"photorealistic identity verification photograph of the same person, front-facing straight-on face, looking directly into the camera, neutral expression, natural facial proportions, realistic skin texture, head and shoulders, centered composition, even soft lighting, plain white background, single person",10011,0.3195,221.3000030517578,True,2026-08-23T20:03:19.184548
teammate,teammate_0009.jpg,1,id_studio,"photorealistic passport-style photograph of the same person, straight frontal view, looking directly at camera, neutral expression, natural skin tone, realistic facial proportions, head and shoulders, soft even illumination, plain white background, single person, centered",10013,0.3274,210.6000061035156,True,2026-08-23T20:03:25.575516
professor,professor_0005.jpg,0,id_front,"photorealistic identity verification photograph of the same person, front-facing straight-on face, looking directly into the camera, neutral expression, natural facial proportions, realistic skin texture, head and shoulders, centered composition, even soft lighting, plain white background, single person",10005,0.3311,254.6999969482422,True,2026-08-23T20:03:32.155573
professor,professor_0006.jpg,1,id_studio,"photorealistic passport-style photograph of the same person, straight frontal view, looking directly at camera, neutral expression, natural skin tone, realistic facial proportions, head and shoulders, soft even illumination, plain white background, single person, centered",10007,1.0,0.0,False,2026-08-23T20:03:38.693348
professor,professor_0006.jpg,2,id_clean,"realistic photograph of the same person, clear frontal face, direct eye contact with camera, neutral expression, natural skin and hair, realistic facial proportions, head and shoulders, plain white background, single person, centered",10008,0.3019,268.0,True,2026-08-23T20:03:45.367166
professor,professor_0007.jpg,0,id_front,"photorealistic identity verification photograph of the same person, front-facing straight-on face, looking directly into the camera, neutral expression, natural facial proportions, realistic skin texture, head and shoulders, centered composition, even soft lighting, plain white background, single person",10010,0.398,252.3000030517578,True,2026-08-23T20:03:51.865953
professor,professor_0008.jpg,1,id_studio,"photorealistic passport-style photograph of the same person, straight frontal view, looking directly at camera, neutral expression, natural skin tone, realistic facial proportions, head and shoulders, soft even illumination, plain white background, single person, centered",10012,0.3969,174.10000610351562,True,2026-08-23T20:03:58.791044
professor,professor_0009.jpg,2,id_clean,"realistic photograph of the same person, clear frontal face, direct eye contact with camera, neutral expression, natural skin and hair, realistic facial proportions, head and shoulders, plain white background, single person, centered",10014,0.3314,256.0,True,2026-08-23T20:04:07.148034
teammate,teammate_0010.jpg,0,id_front,"photorealistic identity verification photograph of the same person, front-facing straight-on face, looking directly into the camera, neutral expression, natural facial proportions, realistic skin texture, head and shoulders, centered composition, even soft lighting, plain white background, single person",10010,0.3155,263.3999938964844,True,2026-08-23T20:08:40.629514
teammate,teammate_0011.jpg,1,id_studio,"photorealistic passport-style photograph of the same person, straight frontal view, looking directly at camera, neutral expression, natural skin tone, realistic facial proportions, head and shoulders, soft even illumination, plain white background, single person, centered",10012,0.2756,184.6999969482422,True,2026-08-23T20:08:50.298798
teammate,teammate_0012.jpg,2,id_clean,"realistic photograph of the same person, clear frontal face, direct eye contact with camera, neutral expression, natural skin and hair, realistic facial proportions, head and shoulders, plain white background, single person, centered",10014,0.2266,178.6999969482422,True,2026-08-23T20:08:57.302384
teammate,teammate_0013.jpg,0,id_front,"photorealistic identity verification photograph of the same person, front-facing straight-on face, looking directly into the camera, neutral expression, natural facial proportions, realistic skin texture, head and shoulders, centered composition, even soft lighting, plain white background, single person",10016,0.251,233.3999938964844,True,2026-08-23T20:09:04.165856
teammate,teammate_0014.jpg,1,id_studio,"photorealistic passport-style photograph of the same person, straight frontal view, looking directly at camera, neutral expression, natural skin tone, realistic facial proportions, head and shoulders, soft even illumination, plain white background, single person, centered",10018,0.28,205.1999969482422,True,2026-08-23T20:09:10.236077
teammate,teammate_0015.jpg,0,id_front,"photorealistic identity verification photograph of the same person, front-facing straight-on face, looking directly into the camera, neutral expression, natural facial proportions, realistic skin texture, head and shoulders, centered composition, even soft lighting, plain white background, single person",10015,0.3561,272.1000061035156,True,2026-08-23T20:09:16.383832
teammate,teammate_0016.jpg,1,id_studio,"photorealistic passport-style photograph of the same person, straight frontal view, looking directly at camera, neutral expression, natural skin tone, realistic facial proportions, head and shoulders, soft even illumination, plain white background, single person, centered",10017,0.3273,257.8999938964844,True,2026-08-23T20:09:22.490790
teammate,teammate_0017.jpg,2,id_clean,"realistic photograph of the same person, clear frontal face, direct eye contact with camera, neutral expression, natural skin and hair, realistic facial proportions, head and shoulders, plain white background, single person, centered",10019,0.2633,261.3999938964844,True,2026-08-23T20:09:28.886649
teammate,teammate_0018.jpg,0,id_front,"photorealistic identity verification photograph of the same person, front-facing straight-on face, looking directly into the camera, neutral expression, natural facial proportions, realistic skin texture, head and shoulders, centered composition, even soft lighting, plain white background, single person",10021,0.287,260.8999938964844,True,2026-08-23T20:09:35.063548
teammate,teammate_0019.jpg,1,id_studio,"photorealistic passport-style photograph of the same person, straight frontal view, looking directly at camera, neutral expression, natural skin tone, realistic facial proportions, head and shoulders, soft even illumination, plain white background, single person, centered",10023,0.2694,207.0,True,2026-08-23T20:09:41.589535
teammate,teammate_0020.jpg,0,id_front,"photorealistic identity verification photograph of the same person, front-facing straight-on face, looking directly into the camera, neutral expression, natural facial proportions, realistic skin texture, head and shoulders, centered composition, even soft lighting, plain white background, single person",10020,0.276,255.5,True,2026-08-23T20:09:49.028294
teammate,teammate_0021.jpg,1,id_studio,"photorealistic passport-style photograph of the same person, straight frontal view, looking directly at camera, neutral expression, natural skin tone, realistic facial proportions, head and shoulders, soft even illumination, plain white background, single person, centered",10022,0.233,165.1999969482422,True,2026-08-23T20:09:56.177694
teammate,teammate_0022.jpg,2,id_clean,"realistic photograph of the same person, clear frontal face, direct eye contact with camera, neutral expression, natural skin and hair, realistic facial proportions, head and shoulders, plain white background, single person, centered",10024,1.0,0.0,False,2026-08-23T20:10:03.257806
teammate,teammate_0022.jpg,0,id_front,"photorealistic identity verification photograph of the same person, front-facing straight-on face, looking directly into the camera, neutral expression, natural facial proportions, realistic skin texture, head and shoulders, centered composition, even soft lighting, plain white background, single person",10025,0.3475,269.20001220703125,True,2026-08-23T20:10:10.538420
teammate,teammate_0023.jpg,1,id_studio,"photorealistic passport-style photograph of the same person, straight frontal view, looking directly at camera, neutral expression, natural skin tone, realistic facial proportions, head and shoulders, soft even illumination, plain white background, single person, centered",10027,1.0,0.0,False,2026-08-23T20:10:17.668498
teammate,teammate_0023.jpg,2,id_clean,"realistic photograph of the same person, clear frontal face, direct eye contact with camera, neutral expression, natural skin and hair, realistic facial proportions, head and shoulders, plain white background, single person, centered",10028,1.0,0.0,False,2026-08-23T20:10:24.357733
teammate,teammate_0023.jpg,0,id_front,"photorealistic identity verification photograph of the same person, front-facing straight-on face, looking directly into the camera, neutral expression, natural facial proportions, realistic skin texture, head and shoulders, centered composition, even soft lighting, plain white background, single person",10029,0.3201,271.79998779296875,True,2026-08-23T20:10:31.740148
teammate,teammate_0024.jpg,1,id_studio,"photorealistic passport-style photograph of the same person, straight frontal view, looking directly at camera, neutral expression, natural skin tone, realistic facial proportions, head and shoulders, soft even illumination, plain white background, single person, centered",10031,0.3167,238.6999969482422,True,2026-08-23T20:10:39.946314
teammate,teammate_0025.jpg,0,id_front,"photorealistic identity verification photograph of the same person, front-facing straight-on face, looking directly into the camera, neutral expression, natural facial proportions, realistic skin texture, head and shoulders, centered composition, even soft lighting, plain white background, single person",10025,0.3475,269.20001220703125,True,2026-08-23T20:13:06.853517
teammate,teammate_0026.jpg,1,id_studio,"photorealistic passport-style photograph of the same person, straight frontal view, looking directly at camera, neutral expression, natural skin tone, realistic facial proportions, head and shoulders, soft even illumination, plain white background, single person, centered",10027,1.0,0.0,False,2026-08-23T20:13:17.720956
teammate,teammate_0026.jpg,2,id_clean,"realistic photograph of the same person, clear frontal face, direct eye contact with camera, neutral expression, natural skin and hair, realistic facial proportions, head and shoulders, plain white background, single person, centered",10028,1.0,0.0,False,2026-08-23T20:13:25.394738
teammate,teammate_0026.jpg,0,id_front,"photorealistic identity verification photograph of the same person, front-facing straight-on face, looking directly into the camera, neutral expression, natural facial proportions, realistic skin texture, head and shoulders, centered composition, even soft lighting, plain white background, single person",10029,0.3201,271.79998779296875,True,2026-08-23T20:13:33.144238
teammate,teammate_0027.jpg,1,id_studio,"photorealistic passport-style photograph of the same person, straight frontal view, looking directly at camera, neutral expression, natural skin tone, realistic facial proportions, head and shoulders, soft even illumination, plain white background, single person, centered",10031,0.3167,238.6999969482422,True,2026-08-23T20:13:40.599100
teammate,teammate_0028.jpg,2,id_clean,"realistic photograph of the same person, clear frontal face, direct eye contact with camera, neutral expression, natural skin and hair, realistic facial proportions, head and shoulders, plain white background, single person, centered",10033,0.2722,215.6000061035156,True,2026-08-23T20:13:48.152502
teammate,teammate_0029.jpg,0,id_front,"photorealistic identity verification photograph of the same person, front-facing straight-on face, looking directly into the camera, neutral expression, natural facial proportions, realistic skin texture, head and shoulders, centered composition, even soft lighting, plain white background, single person",10035,0.2571,233.3999938964844,True,2026-08-23T20:13:55.662724
teammate,teammate_0030.jpg,0,id_front,"photorealistic identity verification photograph of the same person, front-facing straight-on face, looking directly into the camera, neutral expression, natural facial proportions, realistic skin texture, head and shoulders, centered composition, even soft lighting, plain white background, single person",10030,0.2974,226.3999938964844,True,2026-08-23T20:14:03.456194
teammate,teammate_0031.jpg,1,id_studio,"photorealistic passport-style photograph of the same person, straight frontal view, looking directly at camera, neutral expression, natural skin tone, realistic facial proportions, head and shoulders, soft even illumination, plain white background, single person, centered",10032,1.0,0.0,False,2026-08-23T20:14:12.021772
teammate,teammate_0031.jpg,2,id_clean,"realistic photograph of the same person, clear frontal face, direct eye contact with camera, neutral expression, natural skin and hair, realistic facial proportions, head and shoulders, plain white background, single person, centered",10033,0.2722,215.6000061035156,True,2026-08-23T20:14:21.542737
teammate,teammate_0032.jpg,0,id_front,"photorealistic identity verification photograph of the same person, front-facing straight-on face, looking directly into the camera, neutral expression, natural facial proportions, realistic skin texture, head and shoulders, centered composition, even soft lighting, plain white background, single person",10035,0.2571,233.3999938964844,True,2026-08-23T20:14:30.303676
teammate,teammate_0033.jpg,1,id_studio,"photorealistic passport-style photograph of the same person, straight frontal view, looking directly at camera, neutral expression, natural skin tone, realistic facial proportions, head and shoulders, soft even illumination, plain white background, single person, centered",10037,0.2761,219.8000030517578,True,2026-08-23T20:14:38.222448
teammate,teammate_0034.jpg,2,id_clean,"realistic photograph of the same person, clear frontal face, direct eye contact with camera, neutral expression, natural skin and hair, realistic facial proportions, head and shoulders, plain white background, single person, centered",10039,0.4241,272.29998779296875,False,2026-08-23T20:14:45.977723
teammate,teammate_0034.jpg,0,id_front,"photorealistic identity verification photograph of the same person, front-facing straight-on face, looking directly into the camera, neutral expression, natural facial proportions, realistic skin texture, head and shoulders, centered composition, even soft lighting, plain white background, single person",10040,0.2547,244.8000030517578,True,2026-08-23T20:14:53.784923
teammate,teammate_0035.jpg,0,id_front,"photorealistic identity verification photograph of the same person, front-facing straight-on face, looking directly into the camera, neutral expression, natural facial proportions, realistic skin texture, head and shoulders, centered composition, even soft lighting, plain white background, single person",10035,0.2571,233.3999938964844,True,2026-08-23T20:15:01.486115
teammate,teammate_0036.jpg,1,id_studio,"photorealistic passport-style photograph of the same person, straight frontal view, looking directly at camera, neutral expression, natural skin tone, realistic facial proportions, head and shoulders, soft even illumination, plain white background, single person, centered",10037,0.2761,219.8000030517578,True,2026-08-23T20:15:09.471789
teammate,teammate_0037.jpg,2,id_clean,"realistic photograph of the same person, clear frontal face, direct eye contact with camera, neutral expression, natural skin and hair, realistic facial proportions, head and shoulders, plain white background, single person, centered",10039,0.4241,272.29998779296875,False,2026-08-23T20:15:17.315817
teammate,teammate_0037.jpg,0,id_front,"photorealistic identity verification photograph of the same person, front-facing straight-on face, looking directly into the camera, neutral expression, natural facial proportions, realistic skin texture, head and shoulders, centered composition, even soft lighting, plain white background, single person",10040,0.2547,244.8000030517578,True,2026-08-23T20:15:25.026493
teammate,teammate_0038.jpg,1,id_studio,"photorealistic passport-style photograph of the same person, straight frontal view, looking directly at camera, neutral expression, natural skin tone, realistic facial proportions, head and shoulders, soft even illumination, plain white background, single person, centered",10042,0.3066,265.70001220703125,True,2026-08-23T20:15:32.739453
teammate,teammate_0039.jpg,2,id_clean,"realistic photograph of the same person, clear frontal face, direct eye contact with camera, neutral expression, natural skin and hair, realistic facial proportions, head and shoulders, plain white background, single person, centered",10044,1.0,0.0,False,2026-08-23T20:15:40.377026
teammate,teammate_0039.jpg,0,id_front,"photorealistic identity verification photograph of the same person, front-facing straight-on face, looking directly into the camera, neutral expression, natural facial proportions, realistic skin texture, head and shoulders, centered composition, even soft lighting, plain white background, single person",10045,1.0,0.0,False,2026-08-23T20:15:47.938035
teammate,teammate_0039.jpg,1,id_studio,"photorealistic passport-style photograph of the same person, straight frontal view, looking directly at camera, neutral expression, natural skin tone, realistic facial proportions, head and shoulders, soft even illumination, plain white background, single person, centered",10046,1.0,0.0,False,2026-08-23T20:15:55.419526
teammate,teammate_0039.jpg,2,id_clean,"realistic photograph of the same person, clear frontal face, direct eye contact with camera, neutral expression, natural skin and hair, realistic facial proportions, head and shoulders, plain white background, single person, centered",10047,0.3096,245.6999969482422,True,2026-08-23T20:16:03.208837
me,me_0000.jpg,0,id_front,"photorealistic identity verification photograph of the same person, front-facing straight-on face, looking directly into the camera, neutral expression, natural facial proportions, realistic skin texture, head and shoulders, centered composition, even soft lighting, plain white background, single person",10000,0.4596,214.8000030517578,False,2026-08-23T21:35:55.967508
me,me_0000.jpg,1,id_studio,"photorealistic passport-style photograph of the same person, straight frontal view, looking directly at camera, neutral expression, natural skin tone, realistic facial proportions, head and shoulders, soft even illumination, plain white background, single person, centered",10001,1.0,0.0,False,2026-08-23T21:36:07.105211
me,me_0000.jpg,2,id_clean,"realistic photograph of the same person, clear frontal face, direct eye contact with camera, neutral expression, natural skin and hair, realistic facial proportions, head and shoulders, plain white background, single person, centered",10002,1.0,0.0,False,2026-08-23T21:36:13.893371
me,me_0000.jpg,0,id_front,"photorealistic identity verification photograph of the same person, front-facing straight-on face, looking directly into the camera, neutral expression, natural facial proportions, realistic skin texture, head and shoulders, centered composition, even soft lighting, plain white background, single person",10003,1.0,0.0,False,2026-08-23T21:36:20.680312
me,me_0000.jpg,1,id_studio,"photorealistic passport-style photograph of the same person, straight frontal view, looking directly at camera, neutral expression, natural skin tone, realistic facial proportions, head and shoulders, soft even illumination, plain white background, single person, centered",10004,0.4183,262.1000061035156,False,2026-08-23T21:36:27.798777
me,me_0000.jpg,2,id_clean,"realistic photograph of the same person, clear frontal face, direct eye contact with camera, neutral expression, natural skin and hair, realistic facial proportions, head and shoulders, plain white background, single person, centered",10005,0.4425,254.0,False,2026-08-23T21:36:34.795001
me,me_0000.jpg,0,id_front,"photorealistic identity verification photograph of the same person, front-facing straight-on face, looking directly into the camera, neutral expression, natural facial proportions, realistic skin texture, head and shoulders, centered composition, even soft lighting, plain white background, single person",10006,1.0,0.0,False,2026-08-23T21:36:41.541416
me,me_0000.jpg,1,id_studio,"photorealistic passport-style photograph of the same person, straight frontal view, looking directly at camera, neutral expression, natural skin tone, realistic facial proportions, head and shoulders, soft even illumination, plain white background, single person, centered",10007,1.0,0.0,False,2026-08-23T21:36:48.366094
me,me_0000.jpg,2,id_clean,"realistic photograph of the same person, clear frontal face, direct eye contact with camera, neutral expression, natural skin and hair, realistic facial proportions, head and shoulders, plain white background, single person, centered",10008,0.4844,268.20001220703125,False,2026-08-23T21:36:55.472126
me,me_0000.jpg,0,id_front,"photorealistic identity verification photograph of the same person, front-facing straight-on face, looking directly into the camera, neutral expression, natural facial proportions, realistic skin texture, head and shoulders, centered composition, even soft lighting, plain white background, single person",10009,0.4928,247.8999938964844,False,2026-08-23T21:37:02.507564
me,me_0000.jpg,1,id_studio,"photorealistic passport-style photograph of the same person, straight frontal view, looking directly at camera, neutral expression, natural skin tone, realistic facial proportions, head and shoulders, soft even illumination, plain white background, single person, centered",10010,0.4166,259.8999938964844,False,2026-08-23T21:37:09.511062
me,me_0000.jpg,2,id_clean,"realistic photograph of the same person, clear frontal face, direct eye contact with camera, neutral expression, natural skin and hair, realistic facial proportions, head and shoulders, plain white background, single person, centered",10011,0.4887,236.3999938964844,False,2026-08-23T21:37:16.608253
me,me_0000.jpg,0,id_front,"photorealistic identity verification photograph of the same person, front-facing straight-on face, looking directly into the camera, neutral expression, natural facial proportions, realistic skin texture, head and shoulders, centered composition, even soft lighting, plain white background, single person",10012,0.5237,270.3999938964844,False,2026-08-23T21:37:23.577650
me,me_0000.jpg,1,id_studio,"photorealistic passport-style photograph of the same person, straight frontal view, looking directly at camera, neutral expression, natural skin tone, realistic facial proportions, head and shoulders, soft even illumination, plain white background, single person, centered",10013,0.4228,182.8000030517578,False,2026-08-23T21:37:30.659093
me,me_0000.jpg,2,id_clean,"realistic photograph of the same person, clear frontal face, direct eye contact with camera, neutral expression, natural skin and hair, realistic facial proportions, head and shoulders, plain white background, single person, centered",10014,0.5057,238.1000061035156,False,2026-08-23T21:37:37.775227
me,me_0000.jpg,0,id_front,"photorealistic identity verification photograph of the same person, front-facing straight-on face, looking directly into the camera, neutral expression, natural facial proportions, realistic skin texture, head and shoulders, centered composition, even soft lighting, plain white background, single person",10015,0.5172,254.3999938964844,False,2026-08-23T21:37:44.718355
me,me_0000.jpg,1,id_studio,"photorealistic passport-style photograph of the same person, straight frontal view, looking directly at camera, neutral expression, natural skin tone, realistic facial proportions, head and shoulders, soft even illumination, plain white background, single person, centered",10016,0.4241,212.8000030517578,False,2026-08-23T21:37:51.871595
me,me_0000.jpg,2,id_clean,"realistic photograph of the same person, clear frontal face, direct eye contact with camera, neutral expression, natural skin and hair, realistic facial proportions, head and shoulders, plain white background, single person, centered",10017,1.0,0.0,False,2026-08-23T21:37:58.952699
me,me_0000.jpg,0,id_front,"photorealistic identity verification photograph of the same person, front-facing straight-on face, looking directly into the camera, neutral expression, natural facial proportions, realistic skin texture, head and shoulders, centered composition, even soft lighting, plain white background, single person",10018,1.0,0.0,False,2026-08-23T21:38:05.791819
me,me_0000.jpg,1,id_studio,"photorealistic passport-style photograph of the same person, straight frontal view, looking directly at camera, neutral expression, natural skin tone, realistic facial proportions, head and shoulders, soft even illumination, plain white background, single person, centered",10019,0.4177,244.3999938964844,False,2026-08-23T21:38:12.829167
me,me_0000.jpg,0,id_front,"photorealistic identity verification photograph of the same person, front-facing straight-on face, looking directly into the camera, neutral expression, natural facial proportions, realistic skin texture, head and shoulders, centered composition, even soft lighting, plain white background, single person",10000,0.4596,214.8000030517578,True,2026-08-23T21:41:50.595657
me,me_0001.jpg,1,id_studio,"photorealistic passport-style photograph of the same person, straight frontal view, looking directly at camera, neutral expression, natural skin tone, realistic facial proportions, head and shoulders, soft even illumination, plain white background, single person, centered",10002,1.0,0.0,False,2026-08-23T21:41:57.355460
me,me_0001.jpg,2,id_clean,"realistic photograph of the same person, clear frontal face, direct eye contact with camera, neutral expression, natural skin and hair, realistic facial proportions, head and shoulders, plain white background, single person, centered",10003,0.4993,270.8999938964844,True,2026-08-23T21:42:04.062849
me,me_0002.jpg,0,id_front,"photorealistic identity verification photograph of the same person, front-facing straight-on face, looking directly into the camera, neutral expression, natural facial proportions, realistic skin texture, head and shoulders, centered composition, even soft lighting, plain white background, single person",10005,0.5,264.6000061035156,True,2026-08-23T21:42:10.914278
me,me_0003.jpg,1,id_studio,"photorealistic passport-style photograph of the same person, straight frontal view, looking directly at camera, neutral expression, natural skin tone, realistic facial proportions, head and shoulders, soft even illumination, plain white background, single person, centered",10007,1.0,0.0,False,2026-08-23T21:42:17.733020
me,me_0003.jpg,2,id_clean,"realistic photograph of the same person, clear frontal face, direct eye contact with camera, neutral expression, natural skin and hair, realistic facial proportions, head and shoulders, plain white background, single person, centered",10008,0.4844,268.20001220703125,True,2026-08-23T21:42:24.717299
me,me_0004.jpg,0,id_front,"photorealistic identity verification photograph of the same person, front-facing straight-on face, looking directly into the camera, neutral expression, natural facial proportions, realistic skin texture, head and shoulders, centered composition, even soft lighting, plain white background, single person",10010,0.4927,262.70001220703125,True,2026-08-23T21:42:31.724709
me,me_0005.jpg,0,id_front,"photorealistic identity verification photograph of the same person, front-facing straight-on face, looking directly into the camera, neutral expression, natural facial proportions, realistic skin texture, head and shoulders, centered composition, even soft lighting, plain white background, single person",10005,0.5,264.6000061035156,True,2026-08-23T21:42:38.856677
me,me_0006.jpg,1,id_studio,"photorealistic passport-style photograph of the same person, straight frontal view, looking directly at camera, neutral expression, natural skin tone, realistic facial proportions, head and shoulders, soft even illumination, plain white background, single person, centered",10007,1.0,0.0,False,2026-08-23T21:42:45.264244
me,me_0006.jpg,2,id_clean,"realistic photograph of the same person, clear frontal face, direct eye contact with camera, neutral expression, natural skin and hair, realistic facial proportions, head and shoulders, plain white background, single person, centered",10008,0.4844,268.20001220703125,True,2026-08-23T21:42:51.915326
me,me_0007.jpg,0,id_front,"photorealistic identity verification photograph of the same person, front-facing straight-on face, looking directly into the camera, neutral expression, natural facial proportions, realistic skin texture, head and shoulders, centered composition, even soft lighting, plain white background, single person",10010,0.4927,262.70001220703125,True,2026-08-23T21:42:58.722683
me,me_0008.jpg,1,id_studio,"photorealistic passport-style photograph of the same person, straight frontal view, looking directly at camera, neutral expression, natural skin tone, realistic facial proportions, head and shoulders, soft even illumination, plain white background, single person, centered",10012,0.431,160.6999969482422,True,2026-08-23T21:43:05.549130
me,me_0009.jpg,2,id_clean,"realistic photograph of the same person, clear frontal face, direct eye contact with camera, neutral expression, natural skin and hair, realistic facial proportions, head and shoulders, plain white background, single person, centered",10014,0.5057,238.1000061035156,False,2026-08-23T21:43:12.383050
me,me_0009.jpg,0,id_front,"photorealistic identity verification photograph of the same person, front-facing straight-on face, looking directly into the camera, neutral expression, natural facial proportions, realistic skin texture, head and shoulders, centered composition, even soft lighting, plain white background, single person",10015,0.5172,254.3999938964844,False,2026-08-23T21:43:19.084365
me,me_0009.jpg,1,id_studio,"photorealistic passport-style photograph of the same person, straight frontal view, looking directly at camera, neutral expression, natural skin tone, realistic facial proportions, head and shoulders, soft even illumination, plain white background, single person, centered",10016,0.4241,212.8000030517578,True,2026-08-23T21:43:25.861984
me,me_0010.jpg,0,id_front,"photorealistic identity verification photograph of the same person, front-facing straight-on face, looking directly into the camera, neutral expression, natural facial proportions, realistic skin texture, head and shoulders, centered composition, even soft lighting, plain white background, single person",10010,0.4927,262.70001220703125,True,2026-08-23T21:43:32.730385
me,me_0011.jpg,1,id_studio,"photorealistic passport-style photograph of the same person, straight frontal view, looking directly at camera, neutral expression, natural skin tone, realistic facial proportions, head and shoulders, soft even illumination, plain white background, single person, centered",10012,0.431,160.6999969482422,True,2026-08-23T21:43:39.438989
me,me_0012.jpg,2,id_clean,"realistic photograph of the same person, clear frontal face, direct eye contact with camera, neutral expression, natural skin and hair, realistic facial proportions, head and shoulders, plain white background, single person, centered",10014,0.5057,238.1000061035156,False,2026-08-23T21:43:46.384343
me,me_0012.jpg,0,id_front,"photorealistic identity verification photograph of the same person, front-facing straight-on face, looking directly into the camera, neutral expression, natural facial proportions, realistic skin texture, head and shoulders, centered composition, even soft lighting, plain white background, single person",10015,0.5172,254.3999938964844,False,2026-08-23T21:43:53.637955
me,me_0012.jpg,1,id_studio,"photorealistic passport-style photograph of the same person, straight frontal view, looking directly at camera, neutral expression, natural skin tone, realistic facial proportions, head and shoulders, soft even illumination, plain white background, single person, centered",10016,0.4241,212.8000030517578,True,2026-08-23T21:44:00.741333
me,me_0013.jpg,2,id_clean,"realistic photograph of the same person, clear frontal face, direct eye contact with camera, neutral expression, natural skin and hair, realistic facial proportions, head and shoulders, plain white background, single person, centered",10018,0.4778,271.0,True,2026-08-23T21:44:07.628742
me,me_0014.jpg,0,id_front,"photorealistic identity verification photograph of the same person, front-facing straight-on face, looking directly into the camera, neutral expression, natural facial proportions, realistic skin texture, head and shoulders, centered composition, even soft lighting, plain white background, single person",10020,0.511,268.5,False,2026-08-23T21:44:14.893596
me,me_0014.jpg,1,id_studio,"photorealistic passport-style photograph of the same person, straight frontal view, looking directly at camera, neutral expression, natural skin tone, realistic facial proportions, head and shoulders, soft even illumination, plain white background, single person, centered",10021,0.4158,233.3999938964844,True,2026-08-23T21:44:21.916016
me,me_0009.jpg,0,id_front,"photorealistic identity verification photograph of the same person, front-facing straight-on face, looking directly into the camera, neutral expression, natural facial proportions, realistic skin texture, head and shoulders, centered composition, even soft lighting, plain white background, single person",10009,0.4928,247.8999938964844,True,2026-08-23T21:46:18.706797
me,me_0010.jpg,1,id_studio,"photorealistic passport-style photograph of the same person, straight frontal view, looking directly at camera, neutral expression, natural skin tone, realistic facial proportions, head and shoulders, soft even illumination, plain white background, single person, centered",10011,0.4084,214.0,True,2026-08-23T21:46:25.573686
me,me_0011.jpg,2,id_clean,"realistic photograph of the same person, clear frontal face, direct eye contact with camera, neutral expression, natural skin and hair, realistic facial proportions, head and shoulders, plain white background, single person, centered",10013,0.5127,260.0,False,2026-08-23T21:46:32.763470
me,me_0011.jpg,0,id_front,"photorealistic identity verification photograph of the same person, front-facing straight-on face, looking directly into the camera, neutral expression, natural facial proportions, realistic skin texture, head and shoulders, centered composition, even soft lighting, plain white background, single person",10014,0.5128,253.6000061035156,False,2026-08-23T21:46:40.389379
me,me_0011.jpg,1,id_studio,"photorealistic passport-style photograph of the same person, straight frontal view, looking directly at camera, neutral expression, natural skin tone, realistic facial proportions, head and shoulders, soft even illumination, plain white background, single person, centered",10015,0.428,231.8999938964844,True,2026-08-23T21:46:48.053520
me,me_0012.jpg,2,id_clean,"realistic photograph of the same person, clear frontal face, direct eye contact with camera, neutral expression, natural skin and hair, realistic facial proportions, head and shoulders, plain white background, single person, centered",10017,1.0,0.0,False,2026-08-23T21:46:55.086121
me,me_0012.jpg,0,id_front,"photorealistic identity verification photograph of the same person, front-facing straight-on face, looking directly into the camera, neutral expression, natural facial proportions, realistic skin texture, head and shoulders, centered composition, even soft lighting, plain white background, single person",10018,1.0,0.0,False,2026-08-23T21:47:02.339190
me,me_0012.jpg,1,id_studio,"photorealistic passport-style photograph of the same person, straight frontal view, looking directly at camera, neutral expression, natural skin tone, realistic facial proportions, head and shoulders, soft even illumination, plain white background, single person, centered",10019,0.4177,244.3999938964844,True,2026-08-23T21:47:09.519727
me,me_0013.jpg,2,id_clean,"realistic photograph of the same person, clear frontal face, direct eye contact with camera, neutral expression, natural skin and hair, realistic facial proportions, head and shoulders, plain white background, single person, centered",10021,0.5157,264.1000061035156,False,2026-08-23T21:47:16.624715
me,me_0013.jpg,0,id_front,"photorealistic identity verification photograph of the same person, front-facing straight-on face, looking directly into the camera, neutral expression, natural facial proportions, realistic skin texture, head and shoulders, centered composition, even soft lighting, plain white background, single person",10022,0.4731,264.5,True,2026-08-23T21:47:23.773409
me,me_0011.jpg,0,id_front,"photorealistic identity verification photograph of the same person, front-facing straight-on face, looking directly into the camera, neutral expression, natural facial proportions, realistic skin texture, head and shoulders, centered composition, even soft lighting, plain white background, single person",10011,0.5061,236.0,False,2026-08-23T21:47:30.872377
me,me_0011.jpg,1,id_studio,"photorealistic passport-style photograph of the same person, straight frontal view, looking directly at camera, neutral expression, natural skin tone, realistic facial proportions, head and shoulders, soft even illumination, plain white background, single person, centered",10012,0.431,160.6999969482422,True,2026-08-23T21:47:38.088237
me,me_0012.jpg,2,id_clean,"realistic photograph of the same person, clear frontal face, direct eye contact with camera, neutral expression, natural skin and hair, realistic facial proportions, head and shoulders, plain white background, single person, centered",10014,0.5057,238.1000061035156,False,2026-08-23T21:47:45.372100
me,me_0012.jpg,0,id_front,"photorealistic identity verification photograph of the same person, front-facing straight-on face, looking directly into the camera, neutral expression, natural facial proportions, realistic skin texture, head and shoulders, centered composition, even soft lighting, plain white background, single person",10015,0.5172,254.3999938964844,False,2026-08-23T21:47:52.572956
me,me_0012.jpg,1,id_studio,"photorealistic passport-style photograph of the same person, straight frontal view, looking directly at camera, neutral expression, natural skin tone, realistic facial proportions, head and shoulders, soft even illumination, plain white background, single person, centered",10016,0.4241,212.8000030517578,True,2026-08-23T21:47:59.866479
me,me_0013.jpg,0,id_front,"photorealistic identity verification photograph of the same person, front-facing straight-on face, looking directly into the camera, neutral expression, natural facial proportions, realistic skin texture, head and shoulders, centered composition, even soft lighting, plain white background, single person",10013,0.4801,241.6000061035156,True,2026-08-23T21:48:06.986329
me,me_0014.jpg,1,id_studio,"photorealistic passport-style photograph of the same person, straight frontal view, looking directly at camera, neutral expression, natural skin tone, realistic facial proportions, head and shoulders, soft even illumination, plain white background, single person, centered",10015,0.428,231.8999938964844,True,2026-08-23T21:48:14.006310
me,me_0015.jpg,2,id_clean,"realistic photograph of the same person, clear frontal face, direct eye contact with camera, neutral expression, natural skin and hair, realistic facial proportions, head and shoulders, plain white background, single person, centered",10017,1.0,0.0,False,2026-08-23T21:48:20.707659
me,me_0015.jpg,0,id_front,"photorealistic identity verification photograph of the same person, front-facing straight-on face, looking directly into the camera, neutral expression, natural facial proportions, realistic skin texture, head and shoulders, centered composition, even soft lighting, plain white background, single person",10018,1.0,0.0,False,2026-08-23T21:48:27.581374
me,me_0015.jpg,1,id_studio,"photorealistic passport-style photograph of the same person, straight frontal view, looking directly at camera, neutral expression, natural skin tone, realistic facial proportions, head and shoulders, soft even illumination, plain white background, single person, centered",10019,0.4177,244.3999938964844,True,2026-08-23T21:48:34.922040
me,me_0016.jpg,2,id_clean,"realistic photograph of the same person, clear frontal face, direct eye contact with camera, neutral expression, natural skin and hair, realistic facial proportions, head and shoulders, plain white background, single person, centered",10021,0.5157,264.1000061035156,False,2026-08-23T21:48:42.371742
me,me_0016.jpg,0,id_front,"photorealistic identity verification photograph of the same person, front-facing straight-on face, looking directly into the camera, neutral expression, natural facial proportions, realistic skin texture, head and shoulders, centered composition, even soft lighting, plain white background, single person",10022,0.4731,264.5,True,2026-08-23T21:48:49.741488
me,me_0017.jpg,1,id_studio,"photorealistic passport-style photograph of the same person, straight frontal view, looking directly at camera, neutral expression, natural skin tone, realistic facial proportions, head and shoulders, soft even illumination, plain white background, single person, centered",10024,1.0,0.0,False,2026-08-23T21:48:56.727300
me,me_0017.jpg,2,id_clean,"realistic photograph of the same person, clear frontal face, direct eye contact with camera, neutral expression, natural skin and hair, realistic facial proportions, head and shoulders, plain white background, single person, centered",10025,0.4848,256.1000061035156,True,2026-08-23T21:49:03.969521
me,me_0019.jpg,0,id_front,"photorealistic identity verification photograph of the same person, front-facing straight-on face, looking directly into the camera, neutral expression, natural facial proportions, realistic skin texture, head and shoulders, centered composition, even soft lighting, plain white background, single person",10019,0.4088,253.1000061035156,True,2026-08-23T23:30:17.422201
me,me_0020.jpg,1,id_studio,"photorealistic passport-style photograph of the same person, straight frontal view, looking directly at camera, neutral expression, natural skin tone, realistic facial proportions, head and shoulders, soft even illumination, plain white background, single person, centered",10021,0.4094,221.1000061035156,True,2026-08-23T23:30:29.090896
me,me_0021.jpg,2,id_clean,"realistic photograph of the same person, clear frontal face, direct eye contact with camera, neutral expression, natural skin and hair, realistic facial proportions, head and shoulders, plain white background, single person, centered",10023,0.3871,232.6999969482422,True,2026-08-23T23:30:38.243315
me,me_0022.jpg,0,id_front,"photorealistic identity verification photograph of the same person, front-facing straight-on face, looking directly into the camera, neutral expression, natural facial proportions, realistic skin texture, head and shoulders, centered composition, even soft lighting, plain white background, single person",10025,0.4333,259.6000061035156,True,2026-08-23T23:30:45.356414
me,me_0023.jpg,1,id_studio,"photorealistic passport-style photograph of the same person, straight frontal view, looking directly at camera, neutral expression, natural skin tone, realistic facial proportions, head and shoulders, soft even illumination, plain white background, single person, centered",10027,1.0,0.0,False,2026-08-23T23:30:52.447442
me,me_0023.jpg,2,id_clean,"realistic photograph of the same person, clear frontal face, direct eye contact with camera, neutral expression, natural skin and hair, realistic facial proportions, head and shoulders, plain white background, single person, centered",10028,1.0,0.0,False,2026-08-23T23:30:59.221438
me,me_0023.jpg,0,id_front,"photorealistic identity verification photograph of the same person, front-facing straight-on face, looking directly into the camera, neutral expression, natural facial proportions, realistic skin texture, head and shoulders, centered composition, even soft lighting, plain white background, single person",10029,1.0,0.0,False,2026-08-23T23:31:06.242972
me,me_0023.jpg,1,id_studio,"photorealistic passport-style photograph of the same person, straight frontal view, looking directly at camera, neutral expression, natural skin tone, realistic facial proportions, head and shoulders, soft even illumination, plain white background, single person, centered",10030,0.4139,235.3000030517578,True,2026-08-23T23:31:13.582572
me,me_0024.jpg,0,id_front,"photorealistic identity verification photograph of the same person, front-facing straight-on face, looking directly into the camera, neutral expression, natural facial proportions, realistic skin texture, head and shoulders, centered composition, even soft lighting, plain white background, single person",10024,1.0,0.0,False,2026-08-23T23:31:20.697773
me,me_0024.jpg,1,id_studio,"photorealistic passport-style photograph of the same person, straight frontal view, looking directly at camera, neutral expression, natural skin tone, realistic facial proportions, head and shoulders, soft even illumination, plain white background, single person, centered",10025,0.4005,246.8999938964844,True,2026-08-23T23:31:27.754473
me,me_0025.jpg,2,id_clean,"realistic photograph of the same person, clear frontal face, direct eye contact with camera, neutral expression, natural skin and hair, realistic facial proportions, head and shoulders, plain white background, single person, centered",10027,1.0,0.0,False,2026-08-23T23:31:34.665842
me,me_0025.jpg,0,id_front,"photorealistic identity verification photograph of the same person, front-facing straight-on face, looking directly into the camera, neutral expression, natural facial proportions, realistic skin texture, head and shoulders, centered composition, even soft lighting, plain white background, single person",10028,1.0,0.0,False,2026-08-23T23:31:41.508608
me,me_0025.jpg,1,id_studio,"photorealistic passport-style photograph of the same person, straight frontal view, looking directly at camera, neutral expression, natural skin tone, realistic facial proportions, head and shoulders, soft even illumination, plain white background, single person, centered",10029,0.4227,233.1000061035156,True,2026-08-23T23:31:48.642507
me,me_0026.jpg,2,id_clean,"realistic photograph of the same person, clear frontal face, direct eye contact with camera, neutral expression, natural skin and hair, realistic facial proportions, head and shoulders, plain white background, single person, centered",10031,0.4235,224.1000061035156,True,2026-08-23T23:31:55.658750
me,me_0027.jpg,0,id_front,"photorealistic identity verification photograph of the same person, front-facing straight-on face, looking directly into the camera, neutral expression, natural facial proportions, realistic skin texture, head and shoulders, centered composition, even soft lighting, plain white background, single person",10033,0.3897,265.1000061035156,True,2026-08-23T23:32:02.734981
me,me_0028.jpg,1,id_studio,"photorealistic passport-style photograph of the same person, straight frontal view, looking directly at camera, neutral expression, natural skin tone, realistic facial proportions, head and shoulders, soft even illumination, plain white background, single person, centered",10035,0.4262,237.5,True,2026-08-23T23:32:09.928449
me,me_0029.jpg,0,id_front,"photorealistic identity verification photograph of the same person, front-facing straight-on face, looking directly into the camera, neutral expression, natural facial proportions, realistic skin texture, head and shoulders, centered composition, even soft lighting, plain white background, single person",10029,1.0,0.0,False,2026-08-23T23:32:16.811555
me,me_0029.jpg,1,id_studio,"photorealistic passport-style photograph of the same person, straight frontal view, looking directly at camera, neutral expression, natural skin tone, realistic facial proportions, head and shoulders, soft even illumination, plain white background, single person, centered",10030,0.4139,235.3000030517578,True,2026-08-23T23:32:23.914419
me,me_0030.jpg,2,id_clean,"realistic photograph of the same person, clear frontal face, direct eye contact with camera, neutral expression, natural skin and hair, realistic facial proportions, head and shoulders, plain white background, single person, centered",10032,1.0,0.0,False,2026-08-23T23:32:30.914718
me,me_0030.jpg,0,id_front,"photorealistic identity verification photograph of the same person, front-facing straight-on face, looking directly into the camera, neutral expression, natural facial proportions, realistic skin texture, head and shoulders, centered composition, even soft lighting, plain white background, single person",10033,0.3897,265.1000061035156,True,2026-08-23T23:32:38.151743
me,me_0031.jpg,1,id_studio,"photorealistic passport-style photograph of the same person, straight frontal view, looking directly at camera, neutral expression, natural skin tone, realistic facial proportions, head and shoulders, soft even illumination, plain white background, single person, centered",10035,0.4262,237.5,True,2026-08-23T23:32:45.604790
me,me_0032.jpg,2,id_clean,"realistic photograph of the same person, clear frontal face, direct eye contact with camera, neutral expression, natural skin and hair, realistic facial proportions, head and shoulders, plain white background, single person, centered",10037,0.4131,254.6000061035156,True,2026-08-23T23:32:53.610103
me,me_0033.jpg,0,id_front,"photorealistic identity verification photograph of the same person, front-facing straight-on face, looking directly into the camera, neutral expression, natural facial proportions, realistic skin texture, head and shoulders, centered composition, even soft lighting, plain white background, single person",10039,0.4298,267.1000061035156,True,2026-08-23T23:33:02.997017
professor,professor_0000.jpg,0,id_front,"photorealistic identity verification photograph of the same person, front-facing straight-on face, looking directly into the camera, neutral expression, natural facial proportions, realistic skin texture, head and shoulders, centered composition, even soft lighting, plain white background, single person",10000,0.3177,204.8999938964844,True,2026-08-24T09:59:13.936126
professor,professor_0001.jpg,1,id_studio,"photorealistic passport-style photograph of the same person, straight frontal view, looking directly at camera, neutral expression, natural skin tone, realistic facial proportions, head and shoulders, soft even illumination, plain white background, single person, centered",10002,0.4369,229.0,True,2026-08-24T09:59:22.677835
professor,professor_0002.jpg,2,id_clean,"realistic photograph of the same person, clear frontal face, direct eye contact with camera, neutral expression, natural skin and hair, realistic facial proportions, head and shoulders, plain white background, single person, centered",10004,0.4156,258.29998779296875,True,2026-08-24T09:59:28.914623
professor,professor_0003.jpg,0,id_front,"photorealistic identity verification photograph of the same person, front-facing straight-on face, looking directly into the camera, neutral expression, natural facial proportions, realistic skin texture, head and shoulders, centered composition, even soft lighting, plain white background, single person",10006,0.4475,260.29998779296875,True,2026-08-24T09:59:35.005775
professor,professor_0004.jpg,1,id_studio,"photorealistic passport-style photograph of the same person, straight frontal view, looking directly at camera, neutral expression, natural skin tone, realistic facial proportions, head and shoulders, soft even illumination, plain white background, single person, centered",10008,0.3302,251.1999969482422,True,2026-08-24T09:59:41.123101
professor,professor_0005.jpg,0,id_front,"photorealistic identity verification photograph of the same person, front-facing straight-on face, looking directly into the camera, neutral expression, natural facial proportions, realistic skin texture, head and shoulders, centered composition, even soft lighting, plain white background, single person",10005,0.4346,259.1000061035156,True,2026-08-24T09:59:47.409419
professor,professor_0006.jpg,1,id_studio,"photorealistic passport-style photograph of the same person, straight frontal view, looking directly at camera, neutral expression, natural skin tone, realistic facial proportions, head and shoulders, soft even illumination, plain white background, single person, centered",10007,1.0,0.0,False,2026-08-24T09:59:53.962586
professor,professor_0006.jpg,2,id_clean,"realistic photograph of the same person, clear frontal face, direct eye contact with camera, neutral expression, natural skin and hair, realistic facial proportions, head and shoulders, plain white background, single person, centered",10008,0.3189,260.3999938964844,True,2026-08-24T10:00:00.925113
professor,professor_0007.jpg,0,id_front,"photorealistic identity verification photograph of the same person, front-facing straight-on face, looking directly into the camera, neutral expression, natural facial proportions, realistic skin texture, head and shoulders, centered composition, even soft lighting, plain white background, single person",10010,0.5199,257.5,False,2026-08-24T10:00:07.935286
professor,professor_0007.jpg,1,id_studio,"photorealistic passport-style photograph of the same person, straight frontal view, looking directly at camera, neutral expression, natural skin tone, realistic facial proportions, head and shoulders, soft even illumination, plain white background, single person, centered",10011,0.4707,236.3999938964844,True,2026-08-24T10:00:15.051927
professor,professor_0008.jpg,2,id_clean,"realistic photograph of the same person, clear frontal face, direct eye contact with camera, neutral expression, natural skin and hair, realistic facial proportions, head and shoulders, plain white background, single person, centered",10013,0.3105,254.5,True,2026-08-24T10:00:22.414552
professor,professor_0009.jpg,0,id_front,"photorealistic identity verification photograph of the same person, front-facing straight-on face, looking directly into the camera, neutral expression, natural facial proportions, realistic skin texture, head and shoulders, centered composition, even soft lighting, plain white background, single person",10015,0.367,256.8999938964844,True,2026-08-24T10:00:29.726749
professor,professor_0010.jpg,0,id_front,"photorealistic identity verification photograph of the same person, front-facing straight-on face, looking directly into the camera, neutral expression, natural facial proportions, realistic skin texture, head and shoulders, centered composition, even soft lighting, plain white background, single person",10010,0.5199,257.5,False,2026-08-24T10:00:37.068417
professor,professor_0010.jpg,1,id_studio,"photorealistic passport-style photograph of the same person, straight frontal view, looking directly at camera, neutral expression, natural skin tone, realistic facial proportions, head and shoulders, soft even illumination, plain white background, single person, centered",10011,0.4707,236.3999938964844,True,2026-08-24T10:00:44.166436
professor,professor_0011.jpg,2,id_clean,"realistic photograph of the same person, clear frontal face, direct eye contact with camera, neutral expression, natural skin and hair, realistic facial proportions, head and shoulders, plain white background, single person, centered",10013,0.3105,254.5,True,2026-08-24T10:00:51.280202
professor,professor_0012.jpg,0,id_front,"photorealistic identity verification photograph of the same person, front-facing straight-on face, looking directly into the camera, neutral expression, natural facial proportions, realistic skin texture, head and shoulders, centered composition, even soft lighting, plain white background, single person",10015,0.367,256.8999938964844,True,2026-08-24T10:00:58.177285
professor,professor_0013.jpg,1,id_studio,"photorealistic passport-style photograph of the same person, straight frontal view, looking directly at camera, neutral expression, natural skin tone, realistic facial proportions, head and shoulders, soft even illumination, plain white background, single person, centered",10017,0.46,209.6000061035156,True,2026-08-24T10:01:05.276081
professor,professor_0014.jpg,2,id_clean,"realistic photograph of the same person, clear frontal face, direct eye contact with camera, neutral expression, natural skin and hair, realistic facial proportions, head and shoulders, plain white background, single person, centered",10019,0.346,263.6000061035156,True,2026-08-24T10:01:12.453555
professor,professor_0014.jpg,0,id_front,"photorealistic identity verification photograph of the same person, front-facing straight-on face, looking directly into the camera, neutral expression, natural facial proportions, realistic skin texture, head and shoulders, centered composition, even soft lighting, plain white background, single person",10014,0.3258,219.5,True,2026-08-24T10:03:27.148390
professor,professor_0015.jpg,1,id_studio,"photorealistic passport-style photograph of the same person, straight frontal view, looking directly at camera, neutral expression, natural skin tone, realistic facial proportions, head and shoulders, soft even illumination, plain white background, single person, centered",10016,0.3138,227.6999969482422,True,2026-08-24T10:03:34.328352
professor,professor_0016.jpg,2,id_clean,"realistic photograph of the same person, clear frontal face, direct eye contact with camera, neutral expression, natural skin and hair, realistic facial proportions, head and shoulders, plain white background, single person, centered",10018,1.0,0.0,False,2026-08-24T10:03:41.167837
professor,professor_0016.jpg,0,id_front,"photorealistic identity verification photograph of the same person, front-facing straight-on face, looking directly into the camera, neutral expression, natural facial proportions, realistic skin texture, head and shoulders, centered composition, even soft lighting, plain white background, single person",10019,0.3316,265.3999938964844,True,2026-08-24T10:03:47.868492
professor,professor_0017.jpg,1,id_studio,"photorealistic passport-style photograph of the same person, straight frontal view, looking directly at camera, neutral expression, natural skin tone, realistic facial proportions, head and shoulders, soft even illumination, plain white background, single person, centered",10021,0.3459,232.89999389648438,True,2026-08-24T10:03:54.923749
professor,professor_0018.jpg,2,id_clean,"realistic photograph of the same person, clear frontal face, direct eye contact with camera, neutral expression, natural skin and hair, realistic facial proportions, head and shoulders, plain white background, single person, centered",10023,0.3505,260.1000061035156,True,2026-08-24T10:04:01.967853
professor,professor_0019.jpg,0,id_front,"photorealistic identity verification photograph of the same person, front-facing straight-on face, looking directly into the camera, neutral expression, natural facial proportions, realistic skin texture, head and shoulders, centered composition, even soft lighting, plain white background, single person",10019,0.3316,265.3999938964844,True,2026-08-24T10:04:09.161450
professor,professor_0020.jpg,1,id_studio,"photorealistic passport-style photograph of the same person, straight frontal view, looking directly at camera, neutral expression, natural skin tone, realistic facial proportions, head and shoulders, soft even illumination, plain white background, single person, centered",10021,0.3459,232.89999389648438,True,2026-08-24T10:04:16.153136
professor,professor_0021.jpg,2,id_clean,"realistic photograph of the same person, clear frontal face, direct eye contact with camera, neutral expression, natural skin and hair, realistic facial proportions, head and shoulders, plain white background, single person, centered",10023,0.3505,260.1000061035156,True,2026-08-24T10:04:23.016465
professor,professor_0022.jpg,0,id_front,"photorealistic identity verification photograph of the same person, front-facing straight-on face, looking directly into the camera, neutral expression, natural facial proportions, realistic skin texture, head and shoulders, centered composition, even soft lighting, plain white background, single person",10025,0.4712,266.0,True,2026-08-24T10:04:30.015033
professor,professor_0023.jpg,1,id_studio,"photorealistic passport-style photograph of the same person, straight frontal view, looking directly at camera, neutral expression, natural skin tone, realistic facial proportions, head and shoulders, soft even illumination, plain white background, single person, centered",10027,1.0,0.0,False,2026-08-24T10:04:36.845261
professor,professor_0023.jpg,2,id_clean,"realistic photograph of the same person, clear frontal face, direct eye contact with camera, neutral expression, natural skin and hair, realistic facial proportions, head and shoulders, plain white background, single person, centered",10028,1.0,0.0,False,2026-08-24T10:04:43.834630
professor,professor_0023.jpg,0,id_front,"photorealistic identity verification photograph of the same person, front-facing straight-on face, looking directly into the camera, neutral expression, natural facial proportions, realistic skin texture, head and shoulders, centered composition, even soft lighting, plain white background, single person",10029,1.0,0.0,False,2026-08-24T10:04:50.660383
professor,professor_0023.jpg,1,id_studio,"photorealistic passport-style photograph of the same person, straight frontal view, looking directly at camera, neutral expression, natural skin tone, realistic facial proportions, head and shoulders, soft even illumination, plain white background, single person, centered",10030,0.3333,236.1999969482422,True,2026-08-24T10:04:57.663656
professor,professor_0024.jpg,0,id_front,"photorealistic identity verification photograph of the same person, front-facing straight-on face, looking directly into the camera, neutral expression, natural facial proportions, realistic skin texture, head and shoulders, centered composition, even soft lighting, plain white background, single person",10024,1.0,0.0,False,2026-08-24T10:05:04.739931
professor,professor_0024.jpg,1,id_studio,"photorealistic passport-style photograph of the same person, straight frontal view, looking directly at camera, neutral expression, natural skin tone, realistic facial proportions, head and shoulders, soft even illumination, plain white background, single person, centered",10025,0.4667,251.39999389648438,True,2026-08-24T10:05:12.048413
professor,professor_0025.jpg,2,id_clean,"realistic photograph of the same person, clear frontal face, direct eye contact with camera, neutral expression, natural skin and hair, realistic facial proportions, head and shoulders, plain white background, single person, centered",10027,1.0,0.0,False,2026-08-24T10:05:19.050234
professor,professor_0025.jpg,0,id_front,"photorealistic identity verification photograph of the same person, front-facing straight-on face, looking directly into the camera, neutral expression, natural facial proportions, realistic skin texture, head and shoulders, centered composition, even soft lighting, plain white background, single person",10028,1.0,0.0,False,2026-08-24T10:05:25.954623
professor,professor_0025.jpg,1,id_studio,"photorealistic passport-style photograph of the same person, straight frontal view, looking directly at camera, neutral expression, natural skin tone, realistic facial proportions, head and shoulders, soft even illumination, plain white background, single person, centered",10029,0.4452,194.0,True,2026-08-24T10:05:32.823622
professor,professor_0026.jpg,2,id_clean,"realistic photograph of the same person, clear frontal face, direct eye contact with camera, neutral expression, natural skin and hair, realistic facial proportions, head and shoulders, plain white background, single person, centered",10031,0.3171,248.39999389648438,True,2026-08-24T10:05:39.603560
professor,professor_0027.jpg,0,id_front,"photorealistic identity verification photograph of the same person, front-facing straight-on face, looking directly into the camera, neutral expression, natural facial proportions, realistic skin texture, head and shoulders, centered composition, even soft lighting, plain white background, single person",10033,0.4261,254.39999389648438,True,2026-08-24T10:05:46.604851
professor,professor_0028.jpg,1,id_studio,"photorealistic passport-style photograph of the same person, straight frontal view, looking directly at camera, neutral expression, natural skin tone, realistic facial proportions, head and shoulders, soft even illumination, plain white background, single person, centered",10035,0.3364,202.60000610351562,True,2026-08-24T10:05:53.433417
